Workbook

Sheet Data
A1: Customer ID | B1: Customer Name | C1: Order ID | D1: Order Date | E1: Product | F1: Category | G1: Sales | H1: Unique Order Flag
A2: C001 | B2: Rahul Sharma | C2: O1001 | D2: 46025 | E2: Laptop | F2: Electronics | G2: 55000 | H2: =IF(COUNTIFS($A$2:A2,A2,$C$2:C2,C2)=1,1,0) -> 1
A3: C001 | B3: Rahul Sharma | C3: O1001 | D3: 46025 | E3: Wireless Mouse | F3: Accessories | G3: 1200 | H3: =IF(COUNTIFS($A$2:A3,A3,$C$2:C3,C3)=1,1,0) -> 0
A4: C001 | B4: Rahul Sharma | C4: O1002 | D4: 46032 | E4: Keyboard | F4: Accessories | G4: 1800 | H4: =IF(COUNTIFS($A$2:A4,A4,$C$2:C4,C4)=1,1,0) -> 1
A5: C001 | B5: Rahul Sharma | C5: O1003 | D5: 46040 | E5: Monitor | F5: Electronics | G5: 12500 | H5: =IF(COUNTIFS($A$2:A5,A5,$C$2:C5,C5)=1,1,0) -> 1
A6: C001 | B6: Rahul Sharma | C6: O1004 | D6: 46055 | E6: Headphones | F6: Accessories | G6: 2500 | H6: =IF(COUNTIFS($A$2:A6,A6,$C$2:C6,C6)=1,1,0) -> 1
A7: C002 | B7: Priya Singh | C7: O1005 | D7: 46027 | E7: Notebook | F7: Stationery | G7: 450 | H7: =IF(COUNTIFS($A$2:A7,A7,$C$2:C7,C7)=1,1,0) -> 1
A8: C002 | B8: Priya Singh | C8: O1006 | D8: 46037 | E8: Office Chair | F8: Furniture | G8: 8500 | H8: =IF(COUNTIFS($A$2:A8,A8,$C$2:C8,C8)=1,1,0) -> 1
A9: C002 | B9: Priya Singh | C9: O1006 | D9: 46037 | E9: Desk Lamp | F9: Furniture | G9: 1800 | H9: =IF(COUNTIFS($A$2:A9,A9,$C$2:C9,C9)=1,1,0) -> 0
A10: C002 | B10: Priya Singh | C10: O1007 | D10: 46061 | E10: Printer | F10: Electronics | G10: 14500 | H10: =IF(COUNTIFS($A$2:A10,A10,$C$2:C10,C10)=1,1,0) -> 1
A11: C003 | B11: Amit Kumar | C11: O1008 | D11: 46029 | E11: Smartphone | F11: Electronics | G11: 32000 | H11: =IF(COUNTIFS($A$2:A11,A11,$C$2:C11,C11)=1,1,0) -> 1
A12: C003 | B12: Amit Kumar | C12: O1009 | D12: 46042 | E12: Power Bank | F12: Accessories | G12: 1800 | H12: =IF(COUNTIFS($A$2:A12,A12,$C$2:C12,C12)=1,1,0) -> 1
A13: C004 | B13: Neha Verma | C13: O1010 | D13: 46031 | E13: Tablet | F13: Electronics | G13: 22000 | H13: =IF(COUNTIFS($A$2:A13,A13,$C$2:C13,C13)=1,1,0) -> 1
... A30: C010 | B30: Pooja Sharma | C30: O1026 | D30: 46075 | E30: Mouse | F30: Accessories | G30: 1100 | H30: =IF(COUNTIFS($A$2:A30,A30,$C$2:C30,C30)=1,1,0) -> 1

Sheet Customer Order Table
A1: Customer ID | B1: Customer Name | C1: Order Count
A2: C001 | B2: Rahul Sharma | C2: =SUMIFS(Data!$H$2:$H$30,Data!$A$2:$A$30,A2) -> 4
A3: C002 | B3: Priya Singh | C3: =SUMIFS(Data!$H$2:$H$30,Data!$A$2:$A$30,A3) -> 3
A4: C003 | B4: Amit Kumar | C4: =SUMIFS(Data!$H$2:$H$30,Data!$A$2:$A$30,A4) -> 2
A5: C004 | B5: Neha Verma | C5: =SUMIFS(Data!$H$2:$H$30,Data!$A$2:$A$30,A5) -> 4
A6: C005 | B6: Arjun Mehta | C6: =SUMIFS(Data!$H$2:$H$30,Data!$A$2:$A$30,A6) -> 2
A7: C006 | B7: Simran Kaur | C7: =SUMIFS(Data!$H$2:$H$30,Data!$A$2:$A$30,A7) -> 2
A8: C007 | B8: Rohan Gupta | C8: =SUMIFS(Data!$H$2:$H$30,Data!$A$2:$A$30,A8) -> 1
A9: C008 | B9: Anjali Patel | C9: =SUMIFS(Data!$H$2:$H$30,Data!$A$2:$A$30,A9) -> 2
A10: C009 | B10: Vikas Yadav | C10: =SUMIFS(Data!$H$2:$H$30,Data!$A$2:$A$30,A10) -> 3
A11: C010 | B11: Pooja Sharma | C11: =SUMIFS(Data!$H$2:$H$30,Data!$A$2:$A$30,A11) -> 3

Sheet Top Customers
A1: Rank | B1: Customer Name | C1: Order Count
A2: 1 | B2: Rahul Sharma | C2: 4
A3: 2 | B3: Neha Verma | C3: 4
A4: 3 | B4: Priya Singh | C4: 3
A5: 4 | B5: Vikas Yadav | C5: 3
A6: 5 | B6: Pooja Sharma | C6: 3
A7: 6 | B7: Amit Kumar | C7: 2
A8: 7 | B8: Arjun Mehta | C8: 2
A9: 8 | B9: Simran Kaur | C9: 2
A10: 9 | B10: Anjali Patel | C10: 2
A11: 10 | B11: Rohan Gupta | C11: 1
